time,latitude,longitude,depth,mag,magType,nst,gap,dmin,rms,net,id,updated,place,type,horizontalError,depthError,magError,magNst,status,locationSource,magSource
2019-08-04T13:22:56.174Z,71.4671,138.4826,10,4.3,mb,,79,3.062,0.42,us,us600050jx,2019-10-19T21:42:09.040Z,"193km NNE of Ust'-Kuyga, Russia",earthquake,9.2,1.9,0.093,33,reviewed,us,us
2019-05-21T03:45:11.918Z,75.493,110.1978,10,4.8,mb,,43,6.534,0.78,us,us70003ntt,2019-08-13T14:30:45.040Z,"167km NNW of Nordvik, Russia",earthquake,9.2,1.9,0.032,308,reviewed,us,us
2019-05-13T00:43:33.365Z,79.4127,123.9058,10,5.4,mww,,20,7.916,0.72,us,us70003k5r,2019-08-01T17:15:15.040Z,"East of Severnaya Zemlya",earthquake,7,1.8,0.039,62,reviewed,us,us
2018-08-08T03:06:10.780Z,71.9804,134.4512,15.07,4.4,mb,,118,11.326,0.48,us,us1000g56d,2018-10-17T18:11:49.040Z,"196km ENE of Tiksi, Russia",earthquake,13.9,5.3,0.052,108,reviewed,us,us
2018-04-27T00:27:47.080Z,79.401,123.8181,10,4.6,mb,,57,7.907,0.9,us,us1000dt51,2018-07-25T21:37:14.040Z,"East of Severnaya Zemlya",earthquake,8.8,1.9,0.036,237,reviewed,us,us
2018-03-03T00:55:17.630Z,72.1417,133.8758,13.71,4.1,mb,,116,1.647,0.68,us,us1000d2cr,2018-05-27T01:06:10.040Z,"180km ENE of Tiksi, Russia",earthquake,11.4,5.8,0.067,60,reviewed,us,us
2018-01-16T07:46:04.860Z,71.9898,127.7396,15.35,4.4,mb,,90,0.503,0.58,us,us2000cqxp,2018-04-10T01:11:42.040Z,"51km NW of Tiksi, Russia",earthquake,11.7,5.4,0.092,34,reviewed,us,us
2017-02-23T07:47:12.740Z,74.4295,114.0094,10,4.3,mb,,71,5.168,0.49,us,us20008lpv,2017-05-17T01:19:36.040Z,"87km ENE of Nordvik, Russia",earthquake,10.1,1.9,0.086,38,reviewed,us,us
2016-12-10T01:45:35.130Z,75.0808,133.2404,10,4.4,mb,,61,3.685,0.77,us,us200081ji,2017-03-09T02:14:25.040Z,"Laptev Sea",earthquake,6.3,1.8,0.112,23,reviewed,us,us
2016-11-24T22:50:45.630Z,72.7583,124.6821,10,4,mb,,101,1.712,0.56,us,us10007eay,2017-02-15T23:21:40.040Z,"186km NW of Tiksi, Russia",earthquake,10.1,2,0.165,10,reviewed,us,us
2016-08-19T09:59:26.180Z,71.8244,129.8185,18.95,4.7,mb,,60,0.356,0.81,us,us10006gg2,2016-11-19T04:58:30.040Z,"36km ENE of Tiksi, Russia",earthquake,10.6,4.7,0.063,77,reviewed,us,us
2016-03-09T19:05:07.470Z,74.8268,134.511,14.53,4,mb,,157,3.601,0.54,us,us10004wta,2016-05-16T18:01:49.040Z,"Laptev Sea",earthquake,14.5,2.3,0.139,14,reviewed,us,us
2015-09-30T04:47:11.860Z,74.8326,134.0855,15.26,4.3,mb,,102,3.552,0.61,us,us10003n0p,2015-12-28T23:08:51.040Z,"Laptev Sea",earthquake,10.1,5.2,0.137,15,reviewed,us,us
2015-09-10T12:41:46.490Z,70.2498,128.3024,21.58,4.6,mb,,56,1.403,0.77,us,us20003hqm,2015-12-12T00:42:45.040Z,"161km S of Tiksi, Russia",earthquake,7.7,4.2,0.09,37,reviewed,us,us
2015-08-09T10:11:01.240Z,77.0175,125.2453,10,4.5,mb,,98,5.5,0.43,us,us1000350h,2015-11-06T18:06:29.040Z,"Laptev Sea",earthquake,14.2,1.9,0.164,11,reviewed,us,us
2015-05-26T04:41:24.880Z,75.3898,112.0005,14.98,4.2,mb,,68,6.084,0.53,us,us20002mad,2015-07-29T01:35:44.040Z,"152km N of Nordvik, Russia",earthquake,10.3,5.1,0.121,19,reviewed,us,us
2014-12-12T07:42:57.640Z,74.2143,130.4642,10,4.4,mb,,84,2.637,0.91,us,usc000tcgy,2015-03-04T21:54:59.040Z,"286km N of Tiksi, Russia",earthquake,7.2,1.7,0.144,15,reviewed,us,us
2014-06-22T23:58:23.870Z,78.4758,125.8772,10,4.9,mb,,26,6.923,0.73,us,usc000rk3s,2014-09-19T17:23:10.000Z,"East of Severnaya Zemlya",earthquake,,1.8,0.032,337,reviewed,us,us
2014-06-09T13:13:04.760Z,73.3303,124.6914,14.98,4.5,mb,,123,11.502,1.01,us,usc000rn2r,2014-08-30T17:02:56.000Z,"230km NW of Tiksi, Russia",earthquake,,5.1,0.18,11,reviewed,us,us
2014-06-01T08:52:44.100Z,75.0782,133.6472,10,4.7,mb,,48,3.724,0.86,us,usc000r9su,2014-08-26T01:21:08.000Z,"Laptev Sea",earthquake,,1.8,0.044,177,reviewed,us,us
2014-05-29T05:07:33.450Z,70.8438,139.7606,10,4.8,mb,,51,3.608,1.18,us,usc000r8g7,2014-08-26T01:21:02.000Z,"172km N of Deputatskiy, Russia",earthquake,,1.9,0.045,174,reviewed,us,us
2014-04-11T13:27:05.920Z,74.9161,133.9098,10,4.2,mb,,127,3.606,1.12,us,usb000qpsn,2014-07-01T02:37:57.000Z,"Laptev Sea",earthquake,,1.9,0.098,34,reviewed,us,us
2014-01-14T03:43:05.100Z,78.7939,125.882,10,4.1,mb,,146,7.24,0.56,us,usc000meer,2014-03-15T03:40:19.000Z,"East of Severnaya Zemlya",earthquake,,2,0.303,3,reviewed,us,us
2013-09-28T14:37:33.410Z,77.168,129.6752,10.06,4.6,mb,,94,5.57,1.21,us,usb000k1kl,2013-12-13T09:00:35.000Z,"Laptev Sea",earthquake,,2.9,0.097,,reviewed,us,us
2013-09-09T19:04:18.150Z,76.2069,133.4011,14.47,4.6,mb,,69,4.766,1.04,us,usb000jmgy,2013-11-15T03:20:30.000Z,"Laptev Sea",earthquake,,4.4,0.076,,reviewed,us,us
2013-08-07T18:29:13.290Z,75.9508,132.3474,10,4.5,mb,,120,4.448,0.81,us,usb000j2wv,2013-10-12T21:32:31.000Z,"Laptev Sea",earthquake,,1.9,0.118,,reviewed,us,us
2013-04-11T20:01:08.510Z,74.297,130.057,10,4.5,mb,31,86.7,,0.93,us,usp000k065,2014-11-07T01:50:32.968Z,"Laptev Sea",earthquake,,,,5,reviewed,us,us
2013-03-22T06:39:15.830Z,78.081,125.855,10,4.3,mb,68,66.2,,1.07,us,us2013nbb5,2014-11-07T01:50:22.352Z,"East of Severnaya Zemlya",earthquake,,,,28,reviewed,us,us
2013-02-07T03:33:48.620Z,74.318,129.947,10,4.3,mb,45,69.8,,0.96,us,usp000jz3y,2014-11-07T01:50:03.314Z,"near the coast of northwestern Sakha, Russia",earthquake,,,,18,reviewed,us,us
2012-07-27T14:01:27.420Z,79.192,123.954,10,4.4,mb,126,55.8,,0.84,us,usp000jph5,2014-11-07T01:48:24.473Z,"east of Severnaya Zemlya",earthquake,,,,52,reviewed,us,us
2012-04-07T00:15:00.770Z,74.964,136.45,10,4.4,mb,16,82.5,,1.19,us,usp000jhbq,2014-11-07T01:47:26.781Z,"New Siberian Islands, Sakha, Russia",earthquake,,,,4,reviewed,us,us
2012-04-07T00:12:19.920Z,75.135,136.429,10,4.4,mb,33,60.6,,0.87,us,usp000jhbp,2014-11-07T01:47:26.778Z,"New Siberian Islands, Sakha, Russia",earthquake,,,,9,reviewed,us,us
2012-04-05T18:42:30.210Z,75.054,136.513,10,4.7,mb,142,53.6,,0.96,us,usp000jh9q,2014-11-07T01:47:26.395Z,"New Siberian Islands, Sakha, Russia",earthquake,,,,75,reviewed,us,us
2011-12-27T20:25:36.020Z,74.068,134.203,10,4.7,mb,32,98.1,,1.33,us,usp000jcqn,2014-11-07T01:46:38.128Z,"Laptev Sea",earthquake,,,,12,reviewed,us,us
2011-09-29T16:08:14.420Z,79.817,123.865,10,4.4,mb,22,98.9,,0.84,us,usp000j8qv,2014-11-07T01:45:58.131Z,"east of Severnaya Zemlya",earthquake,,,,9,reviewed,us,us
2011-08-20T05:57:41.310Z,79.361,124.16,10,4.5,mb,36,74,,1.03,us,usp000j6q8,2014-11-07T01:45:38.548Z,"east of Severnaya Zemlya",earthquake,,,,17,reviewed,us,us
2011-07-23T17:59:22.510Z,74.397,132.939,10,4.9,mb,13,137.8,,1.53,us,usp000j5ct,2014-11-07T01:45:25.565Z,"Laptev Sea",earthquake,,,,3,reviewed,us,us
2011-07-16T06:42:23.610Z,74.276,134.586,10,4.4,mb,47,74.5,,0.86,us,usp000j50e,2014-11-07T01:45:22.527Z,"Laptev Sea",earthquake,,,,23,reviewed,us,us
2011-06-07T17:13:23.240Z,74.872,131.573,10,4.1,mb,11,147.3,,1.37,us,usp000j2up,2014-11-07T01:45:02.897Z,"Laptev Sea",earthquake,,,,2,reviewed,us,us
2011-05-20T04:51:49.840Z,72.813,121.29,47.2,4.8,mb,202,33.6,,0.67,us,usp000j1vn,2014-11-07T01:44:52.739Z,"northwestern Sakha, Russia",earthquake,,6.9,,133,reviewed,us,us
2011-05-16T06:49:59.650Z,72.776,120.688,10,4.1,mb,14,84.3,,1.35,us,usp000j1pa,2014-11-07T01:44:51.677Z,"northwestern Sakha, Russia",earthquake,,,,2,reviewed,us,us
2010-12-22T23:33:55.470Z,71.688,128.901,20.6,4.6,mb,40,82.4,,0.86,us,usp000hrm8,2014-11-07T01:43:12.692Z,"northwestern Sakha, Russia",earthquake,,5.4,,13,reviewed,us,us
2010-11-23T00:57:09.710Z,74.807,133.335,22,4.9,mb,93,70.4,,0.99,us,usp000hpzn,2014-11-07T01:42:57.208Z,"Laptev Sea",earthquake,,21.3,,46,reviewed,us,us
2010-08-22T19:25:03.790Z,75.787,132.42,10,4.1,mb,21,71.8,,0.99,us,usp000hjmq,2014-11-07T01:42:17.249Z,"Laptev Sea",earthquake,,,,2,reviewed,us,us
2010-07-12T10:06:45.810Z,72.942,123.308,29.1,4.9,mb,123,34.8,,0.76,us,usp000hf6k,2014-11-07T01:41:52.752Z,"northwestern Sakha, Russia",earthquake,,15.8,,74,reviewed,us,us
2009-10-07T00:30:01.870Z,73.261,134.631,71.2,4.5,mb,37,69.2,,0.79,us,usp000h2f8,2014-11-07T01:39:52.918Z,"Laptev Sea",earthquake,,27.3,,14,reviewed,us,us
2008-07-04T04:55:05.310Z,75.398,133.948,10,5,mwc,298,38.6,,0.96,us,usp000gb9u,2016-11-10T01:58:16.255Z,"Laptev Sea",earthquake,,,,,reviewed,us,gcmt
2008-06-22T19:45:28.970Z,77.097,131.085,10,4.3,mb,13,129.3,,1.19,us,usp000gab6,2014-11-07T01:36:25.057Z,"Laptev Sea",earthquake,,,,6,reviewed,us,us
2008-05-15T15:29:06.460Z,74.849,133.994,10,3.5,mb,14,80.8,,1.42,us,usp000g6vn,2014-11-07T01:36:00.787Z,"Laptev Sea",earthquake,,,,2,reviewed,us,us
2008-01-02T05:18:02.100Z,74.118,114.684,10,4,mb,12,87.6,,1.45,us,usp000fvu9,2014-11-07T01:34:35.545Z,"near the coast of northwestern Sakha, Russia",earthquake,,,,1,reviewed,us,us
2007-12-13T20:48:01.240Z,72.942,126.872,10,0,,7,107.7,,1.16,us,usp000fude,2014-11-07T01:34:25.290Z,"northwestern Sakha, Russia",earthquake,,0,,,reviewed,us,us
2007-07-19T06:18:44.040Z,72.261,125.712,10,4.4,mb,26,75.1,,1.02,us,usp000fgm6,2014-11-07T01:33:00.677Z,"northwestern Sakha, Russia",earthquake,,,,9,reviewed,us,us
2007-07-12T20:29:25.960Z,72.29,125.973,10,0,,8,87.8,,1.3,us,usp000fg1x,2014-11-07T01:32:57.049Z,"northwestern Sakha, Russia",earthquake,,,,,reviewed,us,us
2007-06-06T14:21:29.940Z,72.584,125.154,41.5,3.9,mb,11,97.9,,1.02,us,usp000fdg6,2014-11-07T01:32:39.763Z,"northwestern Sakha, Russia",earthquake,,26.3,,1,reviewed,us,us
2007-05-17T21:05:25.360Z,77.433,123.47,10,4,mb,9,185.2,,0.77,us,usp000fc6a,2014-11-07T01:32:29.082Z,"Laptev Sea",earthquake,,,,3,reviewed,us,us
2007-04-11T17:44:28.680Z,78.815,125.657,10,4.3,mb,19,95.6,,1.12,us,usp000f9f4,2014-11-07T01:32:10.387Z,"east of Severnaya Zemlya",earthquake,,,,3,reviewed,us,us
2007-03-14T08:51:09.790Z,77.753,126.512,10,4.5,mb,13,97.3,,1.16,us,usp000f6pj,2014-11-07T01:31:52.436Z,"Laptev Sea",earthquake,,0,,2,reviewed,us,us
2007-02-27T16:54:05.390Z,77.924,126.471,10,4.9,mb,24,93.7,,0.9,us,usp000f5se,2014-11-07T01:31:42.922Z,"Laptev Sea",earthquake,,,,8,reviewed,us,us
2007-01-11T01:59:46.470Z,74.352,146.901,10,4.5,mb,10,110.4,,0.54,us,usp000f25b,2014-11-07T01:31:20.728Z,"New Siberian Islands, Sakha, Russia",earthquake,,,,1,reviewed,us,us
2006-12-17T11:39:09.070Z,74.679,132.31,10,0,,14,107,,0.84,us,usp000f0dq,2014-11-07T01:31:09.163Z,"Laptev Sea",earthquake,,,,,reviewed,us,us
2006-04-03T15:18:06.990Z,74.841,128.333,10,3.8,mb,10,125.9,,0.78,us,usp000edm3,2014-11-07T01:28:42.778Z,"near the coast of northwestern Sakha, Russia",earthquake,,,,3,reviewed,us,us
2006-03-28T18:36:56.640Z,76.606,130.39,10,4.5,mb,47,65.8,,0.99,us,usp000ed55,2014-11-07T01:28:36.476Z,"Laptev Sea",earthquake,,,,23,reviewed,us,us
2006-02-09T05:38:21.840Z,79.94,123.955,10,4.1,mb,24,65.8,,0.96,us,usp000e9th,2014-11-07T01:28:17.586Z,"east of Severnaya Zemlya",earthquake,,,,7,reviewed,us,us
2005-08-15T21:24:34.360Z,75.009,133.272,10,4.4,mb,19,75.5,,1.4,us,usp000dxdq,2014-11-07T01:26:49.324Z,"Laptev Sea",earthquake,,,,4,reviewed,us,us
2004-10-02T11:06:01.470Z,73.83,114.482,10,4.5,mb,35,104.7,,0.89,us,usp000d5kf,2014-11-07T01:23:40.477Z,"near the coast of northwestern Sakha, Russia",earthquake,,,,9,reviewed,us,us
2004-06-28T02:11:59.590Z,74.078,134.559,10,4.8,mb,14,157.7,,1,us,usp000cz16,2014-11-07T01:22:42.930Z,"Laptev Sea",earthquake,,,,4,reviewed,us,us
2004-02-04T22:55:35.030Z,77.979,126.681,10,0,,10,80.3,,1,us,usp000cke1,2014-11-07T01:21:18.008Z,"Laptev Sea",earthquake,,0,,,reviewed,us,us
2004-01-02T21:56:45.280Z,74.083,134.41,10,0,,8,157.7,,0.65,us,usp000cgwq,2014-11-07T01:20:56.854Z,"Laptev Sea",earthquake,,,,,reviewed,us,us
2003-12-07T09:16:12.640Z,74.08,134.821,10,5.1,mwc,131,69.4,,0.93,us,usp000ceqs,2016-11-10T00:08:37.010Z,"Laptev Sea",earthquake,,,,,reviewed,us,hrv
2003-12-07T09:10:17.410Z,74.139,134.779,10,4.9,mb,33,108.6,,0.98,us,usp000ceqr,2014-11-07T01:20:42.328Z,"Laptev Sea",earthquake,,,,5,reviewed,us,us
2003-12-07T09:09:18.530Z,74.081,134.601,10,4.6,mb,25,108.7,,0.93,us,usp000ceqq,2014-11-07T01:20:42.325Z,"Laptev Sea",earthquake,,,,4,reviewed,us,us
2003-07-26T16:41:44.550Z,79.647,123.192,10,4.4,mb,13,79.5,,0.97,us,usp000c3ec,2014-11-07T01:19:18.316Z,"east of Severnaya Zemlya",earthquake,,,,4,reviewed,us,us
2003-03-19T16:31:36.320Z,76.088,131.885,10,4,mb,19,77.1,,1.2,us,usp000bt1j,2014-11-07T01:18:06.704Z,"Laptev Sea",earthquake,,,,2,reviewed,us,us
2003-03-04T10:45:35.070Z,77.424,125.497,10,3.9,mb,9,113.4,,0.99,us,usp000brxn,2014-11-07T01:17:59.109Z,"Laptev Sea",earthquake,,,,2,reviewed,us,us
2002-09-27T02:15:53.260Z,74.988,133.719,10,4.2,mb,10,,,1.44,us,usp000bd6q,2014-11-07T01:16:34.964Z,"Laptev Sea",earthquake,,,,1,reviewed,us,us
2002-06-04T00:05:07.170Z,75.634,143.746,10,4.8,mb,20,,,1.2,us,usp000b5gb,2014-11-07T01:15:45.656Z,"New Siberian Islands, Sakha, Russia",earthquake,,,,4,reviewed,us,us
2001-06-08T04:59:05.250Z,72.675,124.016,61.5,4.7,mb,51,,,0.96,us,usp000ag8m,2014-11-07T01:13:00.514Z,"northwestern Sakha, Russia",earthquake,,13.3,,20,reviewed,us,us
2000-09-16T17:45:17.820Z,78.968,124.468,10,4.6,mb,42,,,1.19,us,usp000a0bb,2014-11-07T01:11:05.456Z,"east of Severnaya Zemlya",earthquake,,,,15,reviewed,us,us
2000-07-10T04:17:36.830Z,74.333,146.972,10,4.6,mb,81,,,1.08,us,usp0009w4m,2014-11-07T01:10:34.521Z,"New Siberian Islands, Sakha, Russia",earthquake,,,,30,reviewed,us,us
2000-04-30T17:16:28.140Z,74.061,113.806,10,4,mb,,,,1.13,us,usp0009s4m,2014-11-07T01:09:58.023Z,"near the coast of northwestern Sakha, Russia",earthquake,,,,6,reviewed,us,us
2000-01-16T15:22:50.510Z,79.808,122.943,10,4.5,mb,,,,1.2,us,usp0009m7z,2014-11-07T01:09:20.004Z,"east of Severnaya Zemlya",earthquake,,,,8,reviewed,us,us
2000-01-16T14:56:50.690Z,79.78,122.471,10,3.3,mb,,,,1.33,us,usp0009m7v,2014-11-07T01:09:19.965Z,"east of Severnaya Zemlya",earthquake,,,,1,reviewed,us,us
2000-01-16T12:29:12.630Z,79.802,123.076,10,4.5,mb,,,,1.01,us,usp0009m7q,2014-11-07T01:09:19.919Z,"east of Severnaya Zemlya",earthquake,,,,8,reviewed,us,us
2000-01-15T21:27:25.350Z,79.721,122.826,10,4.2,mb,,,,0.82,us,usp0009m6k,2014-11-07T01:09:19.811Z,"east of Severnaya Zemlya",earthquake,,,,4,reviewed,us,us
1999-12-02T20:20:52.910Z,75.989,134.144,10,4.3,mb,,,,1.08,us,usp0009jdm,2014-11-07T01:09:05.268Z,"Laptev Sea",earthquake,,,,9,reviewed,us,us
1999-10-27T05:05:07.180Z,79.221,124.397,10,4.8,mb,,,,0.98,us,usp0009gp6,2014-11-07T01:08:46.795Z,"east of Severnaya Zemlya",earthquake,,,,60,reviewed,us,us
1999-03-24T03:26:32.380Z,75.559,121.654,10,4.5,mb,,,,0.87,us,usp000952h,2014-11-07T01:07:15.987Z,"Laptev Sea",earthquake,,,,2,reviewed,us,us
1998-10-23T12:30:09.440Z,75.901,133.999,10,4.2,mb,,,,1.09,us,usp0008wy3,2014-11-07T01:06:16.833Z,"Laptev Sea",earthquake,,,,3,reviewed,us,us
1998-08-23T09:59:02.970Z,72.826,129.583,10,4.5,mb,,,,1.26,us,usp0008tr5,2014-11-07T01:05:52.360Z,"near the coast of northwestern Sakha, Russia",earthquake,,,,6,reviewed,us,us
1997-04-19T15:26:33.480Z,78.445,125.821,10,5.5,mwb,,,,0.83,us,usp00080u5,2015-01-24T00:38:32.000Z,"east of Severnaya Zemlya",earthquake,,,,,reviewed,us,us
1997-04-16T08:42:27.550Z,78.51,125.515,10,4.8,mb,,,,0.93,us,usp00080np,2014-11-07T01:02:35.354Z,"east of Severnaya Zemlya",earthquake,,,,41,reviewed,us,us
1997-03-17T11:20:10.040Z,73.768,142.933,10,3.9,mb,,,,1.43,us,usp0007yyy,2014-11-07T01:02:20.274Z,"New Siberian Islands, Sakha, Russia",earthquake,,,,2,reviewed,us,us
1996-11-11T08:46:49.840Z,74.679,133.624,10,3.9,mb,,,,0.66,us,usp0007sue,2014-11-07T01:01:34.475Z,"Laptev Sea",earthquake,,,,1,reviewed,us,us
1996-10-23T20:41:39.070Z,77.119,125.524,30,3.6,mb,,,,0.79,us,usp0007ruu,2014-11-07T01:01:24.829Z,"Laptev Sea",earthquake,,,,1,reviewed,us,us
1996-09-15T00:21:22.120Z,72.206,126.335,10,4.8,ms,,,,1.04,us,usp0007pyt,2014-11-07T01:01:10.974Z,"northwestern Sakha, Russia",earthquake,,,,1,reviewed,us,us
1996-06-22T16:47:12.910Z,75.82,134.619,10,5.7,mwc,,,,1.2,us,usp0007k46,2016-11-09T22:49:21.044Z,"Laptev Sea",earthquake,,,,,reviewed,us,hrv
1995-01-31T12:43:42.730Z,72.538,132.135,33,4.3,mb,,,,1.1,us,usp0006s5w,2014-11-07T00:57:12.598Z,"Laptev Sea",earthquake,,,,16,reviewed,us,us
1995-01-16T19:20:23.740Z,79.204,123.756,10,4.5,mb,,,,0.7,us,usp0006res,2014-11-07T00:57:08.899Z,"east of Severnaya Zemlya",earthquake,,,,20,reviewed,us,us
1994-09-23T02:11:37.370Z,76.401,145.754,10,4.6,mb,,,,0.9,us,usp0006jvq,2014-11-07T00:56:19.395Z,"New Siberian Islands, Sakha, Russia",earthquake,,,,29,reviewed,us,us
1993-10-05T21:28:06.400Z,77.727,126.454,33.3,5.2,mw,,,,1,us,usp00061hv,2016-11-09T23:39:13.094Z,"Laptev Sea",earthquake,,,,,reviewed,us,hrv
1993-05-17T13:18:41.330Z,78,126.367,10,4.4,mb,,,,1.2,us,usp0005sye,2014-11-07T00:53:01.326Z,"east of Severnaya Zemlya",earthquake,,,,14,reviewed,us,us
1993-05-04T20:48:50.790Z,77.215,131.435,10,4.7,mb,,,,1,us,usp0005s79,2014-11-07T00:52:57.502Z,"Laptev Sea",earthquake,,,,40,reviewed,us,us
1993-04-11T23:22:49.210Z,78.181,126.128,10,4.8,mb,,,,0.8,us,usp0005r1b,2014-11-07T00:52:48.643Z,"east of Severnaya Zemlya",earthquake,,,,28,reviewed,us,us
1993-03-24T22:43:27.860Z,71.685,130.539,10,4.8,mb,,,,0.8,us,usp0005q2j,2014-11-07T00:52:38.336Z,"near the coast of northwestern Sakha, Russia",earthquake,,,,50,reviewed,us,us
1993-02-12T10:52:03.890Z,79.218,124.503,10,5.1,mw,,,,1,us,usp0005myv,2016-11-09T21:51:53.295Z,"east of Severnaya Zemlya",earthquake,,,,,reviewed,us,hrv
1993-01-21T13:43:15.240Z,78.873,125.638,28.6,5.5,mw,,,,0.8,us,usp0005m1w,2016-11-09T21:43:21.791Z,"east of Severnaya Zemlya",earthquake,,,,,reviewed,us,hrv
1992-02-17T00:01:56.610Z,79.191,124.482,10,6,mw,,,,1,us,usp000535a,2016-11-10T00:26:27.292Z,"east of Severnaya Zemlya",earthquake,,,,,reviewed,us,hrv
1992-02-15T04:52:04.700Z,75.918,125.21,17.3,5,mb,,,,0.9,us,usp000533b,2014-11-07T00:50:05.985Z,"Laptev Sea",earthquake,,,,40,reviewed,us,us
1991-11-09T11:00:49.080Z,79.116,126.688,10,4.3,mb,,,,1.4,us,usp0004yyz,2014-11-07T00:49:33.647Z,"east of Severnaya Zemlya",earthquake,,,,10,reviewed,us,us
1991-03-29T11:34:21.070Z,79.734,124.066,10,4.6,mb,,,,1.3,us,usp0004pq5,2014-11-07T00:48:15.107Z,"east of Severnaya Zemlya",earthquake,,,,14,reviewed,us,us
1991-03-22T17:02:19.580Z,79.849,123.884,10,4.7,mb,,,,1,us,usp0004pd2,2014-11-07T00:48:13.596Z,"east of Severnaya Zemlya",earthquake,,,,34,reviewed,us,us
1991-03-01T01:57:03.150Z,72.163,126.82,18.8,5.2,mb,,,,0.8,us,usp0004nhx,2014-11-07T00:48:07.313Z,"northwestern Sakha, Russia",earthquake,,,,55,reviewed,us,us
1990-06-28T22:03:47.600Z,76.148,134.051,10,4.4,mb,,,,0.8,us,usp0004b3x,2014-11-07T00:46:34.273Z,"Laptev Sea",earthquake,,,,7,reviewed,us,us
1990-06-09T18:24:34.250Z,75.092,113.096,33,5.1,ms,,,,0.6,us,usp0004aav,2014-11-07T00:46:30.698Z,"near the coast of central Siberia, Russia",earthquake,,,,1,reviewed,us,us
1990-03-13T00:32:59.180Z,73.325,134.909,17.8,5.3,mw,,,,0.9,us,usp00046hj,2016-11-09T22:04:25.244Z,"Laptev Sea",earthquake,,,,,reviewed,us,hrv
1989-10-02T10:00:32.070Z,76.462,133.411,10,4.5,mb,,,,1.3,us,usp000408f,2014-11-07T00:44:57.664Z,"Laptev Sea",earthquake,,,,9,reviewed,us,us
1989-09-26T00:18:50.020Z,76.175,134.246,10,4.5,mb,,,,1,us,usp000400u,2014-11-07T00:44:54.624Z,"Laptev Sea",earthquake,,,,13,reviewed,us,us
1989-08-17T02:37:00.480Z,76.51,134.34,10,3.9,mb,,,,1.5,us,usp0003yj5,2014-11-07T00:44:43.345Z,"Laptev Sea",earthquake,,,,3,reviewed,us,us
1989-08-05T10:49:23.360Z,76.166,134.346,13.2,4.6,mb,,,,1.1,us,usp0003y3a,2014-11-07T00:44:40.157Z,"Laptev Sea",earthquake,,,,12,reviewed,us,us
1989-08-05T06:55:50.990Z,76.118,134.578,10,5.4,mw,,,,0.9,us,usp0003y2t,2016-11-09T23:09:53.639Z,"Laptev Sea",earthquake,,,,,reviewed,us,hrv
1988-03-21T23:31:21.680Z,77.601,125.451,10,6.5,mw,,,,0.9,us,usp0003e6c,2016-11-10T00:29:34.266Z,"Laptev Sea",earthquake,,,,,reviewed,us,nc
1988-01-01T14:36:09.580Z,74.655,130.962,10,5.1,mw,,,,1,us,usp0003bqm,2016-11-09T21:34:41.950Z,"Laptev Sea",earthquake,,,,,reviewed,us,hrv
1987-11-25T17:28:01.010Z,73.658,118.711,10,5.1,mb,,,,0.8,us,usp0003aj8,2014-11-07T00:41:15.736Z,"near the coast of northwestern Sakha, Russia",earthquake,,,,21,reviewed,us,us
1987-10-08T06:19:17.530Z,73.72,118.63,10,4.7,mb,,,,0.9,us,usp000392n,2014-11-07T00:41:04.243Z,"near the coast of northwestern Sakha, Russia",earthquake,,,,6,reviewed,us,us
1987-09-22T22:05:15.840Z,76.421,134.275,14.3,5.5,mw,,,,0.9,us,usp00038mh,2016-11-09T23:32:43.636Z,"Laptev Sea",earthquake,,,,,reviewed,us,hrv
1987-02-22T01:22:29.560Z,78.866,125.966,10,5.4,mw,,,,0.9,us,usp00032nw,2016-11-09T21:56:21.641Z,"east of Severnaya Zemlya",earthquake,,,,,reviewed,us,hrv
1986-08-05T05:20:31.450Z,76.358,146.512,10,4.7,mb,,,,1.2,us,usp0002wvy,2014-11-07T00:38:48.785Z,"New Siberian Islands, Sakha, Russia",earthquake,,,,10,reviewed,us,us
1986-06-15T06:55:34.610Z,72.587,125.58,10,4.7,mb,,,,1.2,us,usp0002v2g,2014-11-07T00:38:32.895Z,"northwestern Sakha, Russia",earthquake,,,,8,reviewed,us,us
1986-05-19T13:52:30.740Z,75.573,111.442,10,4.6,mb,,,,1.4,us,usp0002u6j,2014-11-07T00:38:24.828Z,"near the coast of central Siberia, Russia",earthquake,,,,20,reviewed,us,us
1985-06-03T18:32:53.300Z,78.202,126.397,10,5.1,mb,,,,0.9,us,usp0002fg4,2014-11-07T00:36:41.475Z,"east of Severnaya Zemlya",earthquake,,,,57,reviewed,us,us
1984-08-18T17:36:20.930Z,79.999,123.836,10,4.5,mb,,,,0.9,us,usp00026h2,2014-11-07T00:35:19.384Z,"east of Severnaya Zemlya",earthquake,,,,6,reviewed,us,us
1984-08-12T18:34:39.320Z,74.261,134.703,10,4.6,mb,,,,1.4,us,usp00026cq,2014-11-07T00:35:18.528Z,"Laptev Sea",earthquake,,,,3,reviewed,us,us
1984-08-12T15:28:02.750Z,74.161,134.806,10,5.1,mb,,,,0.9,us,usp00026ck,2014-11-07T00:35:18.478Z,"Laptev Sea",earthquake,,,,13,reviewed,us,us
1984-04-27T23:55:06.990Z,77.814,125.188,10,4.6,mb,,,,0.9,us,usp00023ym,2014-11-07T00:34:48.215Z,"Laptev Sea",earthquake,,,,15,reviewed,us,us
1983-10-11T03:39:08.820Z,75.62,122.494,10,4.7,mb,,,,0.7,us,usp0001ywv,2014-11-07T00:33:58.287Z,"Laptev Sea",earthquake,,,,10,reviewed,us,us
1983-06-10T02:13:22.940Z,75.53,122.76,10,5.6,mb,,,,1,us,usp0001w02,2016-11-09T22:43:33.355Z,"Laptev Sea",earthquake,,,,81,reviewed,us,us
1981-01-22T00:26:59.800Z,72.944,122.823,33,4.5,mb,,,,,us,usp0001bun,2014-11-06T23:24:28.784Z,"northwestern Sakha, Russia",earthquake,,,,,reviewed,us,us
1980-02-01T17:30:27.400Z,73.04,122.615,27,5.4,mb,,,,,us,usp000159k,2016-11-09T21:47:17.124Z,"near the coast of northwestern Sakha, Russia",earthquake,,,,,reviewed,us,us
1978-09-07T14:00:58.100Z,74.145,146.695,33,4.2,mb,,,,,us,usp0000weg,2014-11-06T23:21:51.932Z,"New Siberian Islands, Sakha, Russia",earthquake,,,,,reviewed,us,us
1977-04-23T14:49:09.100Z,75.228,134.379,37,5,mb,,,,,us,usp0000nke,2016-11-09T22:21:48.794Z,"Laptev Sea",earthquake,,,,,reviewed,us,us
1977-01-31T08:35:37.600Z,76.893,130.845,38,4.7,mb,,,,,us,usp0000me1,2014-11-06T23:21:39.655Z,"Laptev Sea",earthquake,,,,,reviewed,us,us
1976-08-22T20:02:34.400Z,72.729,124.663,49,3.8,mb,,,,,us,usp0000j0g,2014-11-06T23:21:36.868Z,"northwestern Sakha, Russia",earthquake,,,,,reviewed,us,us
1976-07-24T18:47:57.500Z,71.24,136.058,33,4.3,mb,,,,,us,usp0000hgy,2014-11-06T23:21:36.342Z,"near the coast of northeastern Sakha, Russia",earthquake,,,,,reviewed,us,us
1976-07-20T05:32:11.000Z,78.041,126.228,33,4.8,mb,,,,,us,usp0000hem,2014-11-06T23:21:36.290Z,"east of Severnaya Zemlya",earthquake,,,,,reviewed,us,us
1974-11-27T20:38:03.400Z,79.253,123.994,33,4.4,mb,,,,,us,usp00008xa,2014-11-06T23:21:27.571Z,"east of Severnaya Zemlya",earthquake,,,,,reviewed,us,us
1973-12-15T23:31:44.300Z,74.286,147.085,33,5,mb,,,,,us,usp00004jc,2014-11-06T23:21:21.864Z,"New Siberian Islands, Sakha, Russia",earthquake,,,,,reviewed,us,us
1969-04-07T20:26:29.000Z,76.481,131.227,15,5.5,mw,,,,,iscgem,iscgem809652,2015-05-13T18:53:02.000Z,"Laptev Sea",earthquake,,,,,automatic,iscgem,iscgem
1964-08-25T13:47:19.000Z,78.035,126.557,15,6.7,mw,,,,,iscgem,iscgem865418,2015-05-13T18:52:58.000Z,"east of Severnaya Zemlya",earthquake,,,,,automatic,iscgem,iscgem
1927-11-14T04:56:33.000Z,70.094,128.731,15,6.7,mw,,,,,iscgem,iscgem909623,2015-05-13T18:52:42.000Z,"northwestern Sakha, Russia",earthquake,,,,,automatic,iscgem,iscgem
1927-11-14T00:12:08.000Z,70.221,128.939,15,6.5,mw,,,,,iscgem,iscgem909622,2015-05-13T18:52:42.000Z,"northwestern Sakha, Russia",earthquake,,,,,automatic,iscgem,iscgem
